"Year,Estimated_Global_Cats,Estimated_Pet_Cats,Number_of_Households, Cats_per_Household, Cats_in_Shelters_Intake, Cats_Adopted_From_Shelters, Adoption_Fee_USD"
"2015,600000000,300000000,1500000000,0.20,2000000,1200000,50"
"2016,620000000,310000000,1520000000,0.205,2100000,1300000,55"
"2017,640000000,320000000,1540000000,0.208,2200000,1350000,60"
"2018,660000000,330000000,1560000000,0.212,2300000,1400000,65"
"2019,680000000,340000000,1580000000,0.215,2400000,1450000,70"
"2020,700000000,350000000,1600000000,0.219,2500000,1500000,75"
"2021,720000000,360000000,1620000000,0.222,2600000,1550000,80"
"2022,740000000,370000000,1640000000,0.226,2700000,1600000,90"
"2023,760000000,380000000,1660000000,0.229,2800000,1650000,100"
"2024,780000000,390000000,1680000000,0.232,2900000,1700000,120"
"2025,800000000,400000000,1700000000,0.235,3000000,1750000,150"

# Snapshot: Cats per country in 2025 (millions)
"Country,Estimated_Cats_millions"
"United States,74.1"
"China,53.1"
"Russia,23.1"
"Germany,15.2"
"France,14.9"
"Brazil,22.1"
"Australia,5.3"
"United Kingdom,12.0"